indexid,filename,title,homelink,music,creator,date,collection,description,subject,duration,durationseconds,gamederivedfrom,gamelink,programcreatedby,type,format,language,rights,rightsstatement
PIiCWAdDKEo,PIiCWAdDKEo,Ai-iA,http://jsmatteson.com/ia-ai/,N/A,JS Matteson,2018-12-31,eXOspACES,,,3:32,,Lightning Fighter 2,https://itunes.apple.com/us/app/lightning-fighter-2/id634845785?mt=8 ,,image;movingImage,video/mp4,eng,,
xYFWquZy2Dg,xYFWquZy2Dg,MWAVAWM,http://jsmatteson.com/mwavawm/,N/A,JS Matteson,2018-08-15,eXOspACES,,,6:04,,Lightning Fighter 2,https://itunes.apple.com/us/app/lightning-fighter-2/id634845785?mt=8 ,,image;movingImage,video/mp4,eng,,
KXObIJnV1_w,KXObIJnV1_w,Cyberdelic,http://jsmatteson.com/cyberdelic/,Marianas (Quincas Moreira),JS Matteson,2017-12-10,eXOspACES,,,4:10,15000,Galaga Wars – Sector 11,https://itunes.apple.com/us/app/galaga-wars/id1073959479?mt=8,,image;movingImage,video/mp4,eng,,
aWDXfDUwxJc,aWDXfDUwxJc,Radiation,http://jsmatteson.com/radiation/,https://soundcloud.com/jsmatteson/recurrentsee,JS Matteson,2017-11-29,eXOspACES,,,6:23,22980,Thunder 3,https://itunes.apple.com/us/app/thunder3-online-hd-lite/id648244118?mt=8 ,,image;movingImage,video/mp4,eng,,
_ruQzqg77dw,_ruQzqg77dw,Labyrinth,http://jsmatteson.com/labyrinth/,https://soundcloud.com/jsmatteson/routewrought,JS Matteson,2017-11-25,eXOspACES,,,8:51,31860,Plasma Sky,https://itunes.apple.com/us/app/plasma-sky-a-rad-retro-arcade-space-shooter/id575310539?mt=8,,image;movingImage,video/mp4,eng,,
wKON2zhDgNk,wKON2zhDgNk,fraME,http://jsmatteson.com/frame/,https://soundcloud.com/jsmatteson/strike-slip,JS Matteson,2017-11-24,eXOspACES,,,6:24,23040,Pixel Craft: Space Shooter,https://itunes.apple.com/us/app/pixel-craft-space-shooter/id1164236087?mt=8 ,,image;movingImage,video/mp4,eng,,
Zy5h4l9z87A,Zy5h4l9z87A,Blueprint,http://jsmatteson.com/blueprint/,https://soundcloud.com/jsmatteson/obeliskyesque,JS Matteson,2017-11-17,eXOspACES,,,3:24,12240,Space Raiden – Commander Thunder Fight Shooting War,https://itunes.apple.com/us/app/space-raiden-commander-thunder-fight-shooting-war/id1155907279?mt=8 ,,image;movingImage,video/mp4,eng,,
emERw6kIwSg,emERw6kIwSg,XOIOXOIOX,http://jsmatteson.com/xoioxoiox/,CGI Snake by Chris Zabriskie,JS Matteson,2017-11-17,eXOspACES,,,6:26,23160,Raiden War 2016 – Airplane Shooter,https://itunes.apple.com/us/app/raiden-war-2016-airplane-shooter/id1158662291?mt=8 ,,image;movingImage,video/mp4,eng,,
YOKV-IYG1ik,YOKV-IYG1ik,Transatlantic Accent,http://jsmatteson.com/transatlantic-accent/,Midnight in the Graveyard by Twin Musicom,JS Matteson,2017-11-17,eXOspACES,,,3:56,14160,Galaga Wars,https://itunes.apple.com/us/app/galaga-wars/id1073959479?mt=8,,image;movingImage,video/mp4,eng,,
7Sunqk1lXxw,7Sunqk1lXxw,Grid,http://jsmatteson.com/grid/,The Missing Link; Washington Post (The U.S. Army Band),JS Matteson,2017-11-10,eXOspACES,,,2:43,9780,Constellation Anshar: Earth II,https://itunes.apple.com/us/app/constellation-anshar-earth-ii/id1130238741?mt=8 ,,image;movingImage,video/mp4,eng,,
ZvJ3yExzzwQ,ZvJ3yExzzwQ,Pulsar,http://jsmatteson.com/pulsar/,Mario Bava Sleeps In a Little Later Than He Expected To by Chris Zabriskie,JS Matteson,2017-11-10,eXOspACES,,,8:28,30480,Space War GS,https://itunes.apple.com/us/app/space-war-gs/id363486833?mt=8 ,,image;movingImage,video/mp4,eng,,
i-oTAzPC0Es,i-oTAzPC0Es,Wormhole,http://jsmatteson.com/wormhole/,Echoes of Time v2 by Kevin MacLeod,JS Matteson,2017-10-12,eXOspACES,,,4:46,17160,Lightning Fighter 2,https://itunes.apple.com/us/app/lightning-fighter-2/id634845785?mt=8 ,,image;movingImage,video/mp4,eng,,
69pRLQ1bsT0,69pRLQ1bsT0,Rosemaling,http://jsmatteson.com/rosemaling/,Hydra (Huma-Huma),JS Matteson,2017-10-12,eXOspACES,,,3:33,12780,Space Fighter – Earth Battle,https://itunes.apple.com/us/app/space-fighter-earth-battle/id587280837?mt=8 ,,image;movingImage,video/mp4,eng,,
3EPnxGATskQ,3EPnxGATskQ,Seawater Circuit Boards,http://jsmatteson.com/seawatercircuitboards/,https://soundcloud.com/jsmatteson/tsunami,JS Matteson,2017-09-21,eXOspACES,,,25:24:00,91440,Galaxy Attack: Alien Shooter,https://itunes.apple.com/us/app/galaxy-attack-alien-shooter/id1176011642?mt=8,,image;movingImage,video/mp4,eng,,
djkqh4CeiOI,djkqh4CeiOI,OP,http://jsmatteson.com/overpowered/,Heaven and Hell (Jeremy Blake),JS Matteson,2017-08-13,eXOspACES,,,4:27,16020,Sky Force Reloaded,https://itunes.apple.com/us/app/sky-force-reloaded/id976116090?mt=8,,image;movingImage,video/mp4,eng,,
Nl5ALmMfDrg,Nl5ALmMfDrg,PointCounterPoint,http://jsmatteson.com/pointcounterpoint/,https://soundcloud.com/jsmatteson/ironsharpensiron,JS Matteson,2017-07-07,eXOspACES,,,41:17:00,148620,Raiden Legacy: Fighters,https://itunes.apple.com/us/app/raiden-legacy/id537280156?mt=8,,image;movingImage,video/mp4,eng,,
9bd34Y_ssHQ,9bd34Y_ssHQ,UV,http://jsmatteson.com/ultraviolet/,N/A,JS Matteson,2018-03-24,bonusROUND,,,12:42,,,,,image;movingImage,video/mp4,eng,,
dXj2L8Ct-DU,dXj2L8Ct-DU,CardKeyCard,http://jsmatteson.com/cardkeycard/,Everything's Nice (Jingle Punks),JS Matteson,2018-05-23,bonusROUND,,,1:09,,Baseball Boy!,https://itunes.apple.com/us/app/baseball-boy/id1333523965?mt=8 ,,image;movingImage,video/mp4,eng,,
puvMthiVEec,puvMthiVEec,Henna,http://jsmatteson.com/henna/,Some Other Place (South London HiFi),JS Matteson,2017-11-22,bonusROUND,,,3:43,,Forge of Neon – 3D Sandbox Art,https://itunes.apple.com/us/app/forge-of-neon-3d-sandbox-art/id393366672?mt=8,,image;movingImage,video/mp4,eng,,
IH0Z18wfbTc,IH0Z18wfbTc,Tendrils,http://jsmatteson.com/tendrils/,N/A,JS Matteson,2017-11-22,bonusROUND,,,10:02,,Fingerpaint Magic,https://itunes.apple.com/us/app/fingerpaint-magic/id586165483?mt=8,,image;movingImage,video/mp4,eng,,
PKK90Gj6LS8,PKK90Gj6LS8,FLaREup,http://jsmatteson.com/flareup/,At the Foot of the Sphinx (Twin Musicom),JS Matteson,2017-11-22,bonusROUND,,,3:51,,Forge of Neon – 3D Sandbox Art,https://itunes.apple.com/us/app/forge-of-neon-3d-sandbox-art/id393366672?mt=8,,image;movingImage,video/mp4,eng,,
SvH4Vab8PYk,SvH4Vab8PYk,Super Buggin' Out,http://jsmatteson.com/superbugginout/,Tiptoe (Jeremy Blake),JS Matteson,2017-11-22,bonusROUND,,,3:53,,Forge of Neon – 3D Sandbox Art,https://itunes.apple.com/us/app/forge-of-neon-3d-sandbox-art/id393366672?mt=8,,image;movingImage,video/mp4,eng,,
sYQGE2xb3uA,sYQGE2xb3uA,Conductor,http://jsmatteson.com/conductor/,Almost in F - Tranquillity (Kevin MacLeod),JS Matteson,2017-09-21,bonusROUND,,,3:24,,Ball E 3A11,https://itunes.apple.com/us/app/ball-e-3a11/id1242838913?mt=8,,image;movingImage,video/mp4,eng,,
YogWRyNjsBE,YogWRyNjsBE,Shoji,http://jsmatteson.com/shoji/,Far The Days Come (Letter Box),JS Matteson,2017-07-05,bonusROUND,4th of July sparkler,,5:26,,,,,image;movingImage,video/mp4,eng,,
sGf742S0x30,sGf742S0x30,Spf30mEltdowN,http://jsmatteson.com/spf30meltdown/,https://soundcloud.com/jsmatteson/overTONES,JS Matteson,2017-05-22,bonusROUND,Console power button and cartridge manipulation,,30:00:00,,,,,image;movingImage,video/mp4,eng,,
translations1,https://static1.squarespace.com/static/5191e293e4b0a96be8719137/56e7a50560b5e98a35b5b8e9/56e7a5f907eaa026972a83be/1494586341474/JSMatteson_NotesI-AutumnLeavesEm-TRANSLATIONS_44x44_72.jpg,"Notes I, Autumn Leaves in Em",http://jsmatteson.com/translations/,,JS Matteson,2016,TRANSLATIONS,44 x 44 in (111.76 x 111.76 cm). digital art print.,,,,,,,image;stillimage,image/jpg,,,
translations2,https://static1.squarespace.com/static/5191e293e4b0a96be8719137/56e7a50560b5e98a35b5b8e9/56e7a6082fe131ff7181627c/1494586351227/JSMatteson_NotesII-AutumnLeavesEm-TRANSLATIONS_44x44_72.jpg,"Notes II, Autumn Leaves in Em",http://jsmatteson.com/translations/,,JS Matteson,2016,TRANSLATIONS,44 x 44 in (111.76 x 111.76 cm). digital art print.,,,,,,,image;stillimage,image/jpg,,,
translations3,https://static1.squarespace.com/static/5191e293e4b0a96be8719137/56e7a50560b5e98a35b5b8e9/56e7a6202fe131ff718162e0/1494586363237/JSMatteson_ChordsI-AutumnLeavesEm-TRANSLATIONS_44x44_72.jpg,"Chords I, Autumn Leaves in Em",http://jsmatteson.com/translations/,,JS Matteson,2016,TRANSLATIONS,44 x 44 in (111.76 x 111.76 cm). digital art print.,,,,,,,image;stillimage,image/jpg,,,
translations4,https://static1.squarespace.com/static/5191e293e4b0a96be8719137/56e7a50560b5e98a35b5b8e9/56e7a62b07eaa026972a8466/1494586372405/JSMatteson_ChordsII-AutumnLeavesEm-TRANSLATIONS_44x44_72.jpg,"Chords II, Autumn Leaves in Em",http://jsmatteson.com/translations/,,JS Matteson,2016,TRANSLATIONS,44 x 44 in (111.76 x 111.76 cm). digital art print.,,,,,,,image;stillimage,image/jpg,,,
translations5,https://static1.squarespace.com/static/5191e293e4b0a96be8719137/56e7a50560b5e98a35b5b8e9/56e7a63707eaa026972a849b/1494586382366/JSMatteson_KeysI-AutumnLeavesEm-TRANSLATIONS_44x44_72.jpg,"Keys I, Autumn Leaves in Em",http://jsmatteson.com/translations/,,JS Matteson,2016,TRANSLATIONS,44 x 44 in (111.76 x 111.76 cm). digital art print.,,,,,,,image;stillimage,image/jpg,,,
translations6,https://static1.squarespace.com/static/5191e293e4b0a96be8719137/56e7a50560b5e98a35b5b8e9/56e7a5ef07eaa026972a8394/1494586392949/JSMatteson_KeysII-AutumnLeavesEm-TRANSLATIONS_44x44_72.jpg,"Keys II, Autumn Leaves in Em",http://jsmatteson.com/translations/,,JS Matteson,2016,TRANSLATIONS,44 x 44 in (111.76 x 111.76 cm). digital art print.,,,,,,,image;stillimage,image/jpg,,,
translations7,https://static1.squarespace.com/static/5191e293e4b0a96be8719137/584887a3440243855a51b159/584887a3d1758e80598eb587/1481148339504/JSMatteson_FootFingers-AfterArd_48x54_96.jpg,Foot Fingers (After Ard),http://jsmatteson.com/footfingers/,https://static1.squarespace.com/static/5191e293e4b0a96be8719137/58488b64d2b8572ad06217ad/58488b64d1758e80598effd4/1481149398034/Foot+Fingers.mp3,JS Matteson,2016,TRANSLATIONS,48 x 58.5 in (121.92 x 148.59 cm). digital art print.,,,,,,,image;stillimage,image/jpg,,,
